{
  "total_return": 10.25,
  "buy_hold_return": 15.0,
  "sharpe": 1.29,
  "max_drawdown": 3.62,
  "win_rate": 55.56,
  "total_trades": 9,
  "avg_win": 3.47,
  "avg_loss": -1.66,
  "final_capital": 110.25,
  "accuracy": 0.7932,
  "confusion_matrix": [
    [
      1379,
      23
    ],
    [
      340,
      13
    ]
  ],
  "classification_report": {
    "0": {
      "precision": 0.8022105875509017,
      "recall": 0.9835948644793152,
      "f1-score": 0.8836911246395386,
      "support": 1402.0
    },
    "1": {
      "precision": 0.3611111111111111,
      "recall": 0.036827195467422094,
      "f1-score": 0.06683804627249357,
      "support": 353.0
    },
    "accuracy": 0.7931623931623931,
    "macro avg": {
      "precision": 0.5816608493310064,
      "recall": 0.5102110299733686,
      "f1-score": 0.4752645854560161,
      "support": 1755.0
    },
    "weighted avg": {
      "precision": 0.7134880147969153,
      "recall": 0.7931623931623931,
      "f1-score": 0.7193896222671359,
      "support": 1755.0
    }
  },
  "feature_importance": {
    "rsi_14": 0.05649112130142041,
    "macd": 0.0495573277514937,
    "macd_signal": 0.05069996306490414,
    "macd_diff": 0.07741134542031439,
    "ema_20": 0.061153417313268774,
    "ema_50": 0.058442343368894145,
    "bb_high": 0.05812569080775222,
    "bb_low": 0.06357150436104013,
    "bb_width": 0.07410307276994661,
    "atr_14": 0.07291567747025472,
    "obv": 0.06685352955281106,
    "log_return": 0.07558916025202549,
    "dist_ema_20": 0.05576963488133445,
    "dist_ema_50": 0.05163014314987894,
    "candle_body_ratio": 0.05200386556390213,
    "volume_sma_ratio": 0.0740114230579311,
    "ema20_slope": 0.0016707799128276278
  },
  "sorted_feature_importance": [
    [
      "macd_diff",
      0.07741134542031439
    ],
    [
      "log_return",
      0.07558916025202549
    ],
    [
      "bb_width",
      0.07410307276994661
    ],
    [
      "volume_sma_ratio",
      0.0740114230579311
    ],
    [
      "atr_14",
      0.07291567747025472
    ],
    [
      "obv",
      0.06685352955281106
    ],
    [
      "bb_low",
      0.06357150436104013
    ],
    [
      "ema_20",
      0.061153417313268774
    ],
    [
      "ema_50",
      0.058442343368894145
    ],
    [
      "bb_high",
      0.05812569080775222
    ],
    [
      "rsi_14",
      0.05649112130142041
    ],
    [
      "dist_ema_20",
      0.05576963488133445
    ],
    [
      "candle_body_ratio",
      0.05200386556390213
    ],
    [
      "dist_ema_50",
      0.05163014314987894
    ],
    [
      "macd_signal",
      0.05069996306490414
    ],
    [
      "macd",
      0.0495573277514937
    ],
    [
      "ema20_slope",
      0.0016707799128276278
    ]
  ]
}